{
    "type": "application",
    "source-directories": [
        "src",
        "post-app"
    ],
    "elm-version": "0.19.0",
    "dependencies": {
        "direct": {
            "NoRedInk/elm-json-decode-pipeline": "1.0.0",
            "elm/browser": "1.0.1",
            "elm/core": "1.0.2",
            "elm/html": "1.0.0",
            "elm/http": "2.0.0",
            "elm/json": "1.1.3",
            "elm/random": "1.0.0",
            "elm/regex": "1.0.0",
            "elm/virtual-dom": "1.0.2",
            "krisajenkins/remotedata": "6.0.1",
            "rtfeldman/elm-css": "16.0.1"
        },
        "indirect": {
            "Skinney/murmur3": "2.0.8",
            "elm/bytes": "1.0.8",
            "elm/file": "1.0.5",
            "elm/time": "1.0.0",
            "elm/url": "1.0.0",
            "rtfeldman/elm-hex": "1.0.0"
        }
    },
    "test-dependencies": {
        "direct": {
            "elm-explorations/test": "1.2.2"
        },
        "indirect": {}
    }
}
